<?xml version="1.0" encoding="UTF-8"?>
<!--
    Licensed to the Apache Software Foundation (ASF) under one or more
    contributor license agreements.  See the NOTICE file distributed with
    this work for additional information regarding copyright ownership.
    The ASF licenses this file to You under the Apache License, Version 2.0
    (the "License"); you may not use this file except in compliance with
    the License.  You may obtain a copy of the License at

    http://www.apache.org/licenses/LICENSE-2.0

    Unless required by applicable law or agreed to in writing, software
    distributed under the License is distributed on an "AS IS" BASIS,
    WITHOUT WARRANTIES OR CONDITIONS OF ANY KIND, either express or implied.
    See the License for the specific language governing permissions and
    limitations under the License.
-->

 
<beans xmlns="http://www.springframework.org/schema/beans"
       xmlns:xsi="http://www.w3.org/2001/XMLSchema-instance"
       xmlns:camel="http://camel.apache.org/schema/spring"
       xsi:schemaLocation="
         http://www.springframework.org/schema/beans http://www.springframework.org/schema/beans/spring-beans.xsd
         http://camel.apache.org/schema/spring http://camel.apache.org/schema/spring/camel-spring.xsd">
         
<!--  camel processor beans -->

	<bean id="beanJaxb2process" class="com.caiso.mds.soa.connector.MdsReceiverEsbConnector" />
	<bean id="beanStax2process" class="com.caiso.mds.soa.connector.MdsReceiverEsbStaxConnector" />
	

<!-- camel routes  -->
  	<camelContext id="camel" xmlns="http://camel.apache.org/schema/spring">
    <route id="routeJaxbHandleExternalRequest">
        <description>When External System Sends the Message and want to Invoke JAXB endpoint</description>
        <from uri="servlet:///jaxbMdsReceiveServiceServlet"/>
        <to uri="direct:jaxbMdsReceiveProcesor"/>
        <onException>
            <description>To handle exceptions occurred</description>
            <exception>java.lang.Exception</exception>
            <log message="Exception occured ${exception.message}"/>
        </onException>
    </route>
    <route id="jaxbProcessRoute">
        <from uri="direct:jaxbMdsReceiveProcesor"/>
        <log message="Route Jaxb2process Starts .... "/>
        <to uri="bean:beanJaxb2process"/>
        <onException>
            <exception>java.lang.Exception</exception>
            <log message="Exception occured ${exception.message}"/>
            <to uri="bean:exceptionHandler"/>
        </onException>
        <log message="Route Jaxb2process Completed .... " loggingLevel="DEBUG"/>
    </route>
    <route id="routeStaxHandleExternalRequest">
        <description>When External System Sends the Message and want to Invoke Stax EndPoint</description>
        <from uri="servlet:///staxMdsReceiveServiceServlet"/>
        <to uri="direct:staxMdsReceiveProcesor"/>
        <onException>
            <exception>java.lang.Exception</exception>
            <log message="Exception occured ${exception.message}"/>
        </onException>
    </route>
    <route id="staxProcessRoute">
        <from uri="direct:staxMdsReceiveProcesor"/>
        <log message="Route stax2process Starts .... "/>
        <to uri="bean:beanStax2process"/>
        <onException>
            <exception>java.lang.Exception</exception>
            <log message="Exception occured ${exception.message}"/>
            <to uri="bean:exceptionHandler"/>
        </onException>
        <log message="Route stax2process completed. .... " loggingLevel="DEBUG"/>
    </route>
</camelContext>

</beans>
  