<jboss-deployment-structure xmlns="urn:jboss:deployment-structure:1.0">
	<deployment>



		<dependencies>

			<!-- <module name="com.h2database.h2"/> -->
			<!-- <module name="com.mysql" /> -->
			<module name="org.codehaus.jackson.jackson-core-asl" />
			<module name="org.codehaus.jackson.jackson-mapper-asl" />
			<module name="org.slf4j" />
			<module name="org.apache.httpcomponents" />
			<module name="javax.ws.rs.api" />
			<module name="mds-config" /> 
			<!-- <module name="javax.xml.stream.api" />
			<module name="org.codehaus.woodstox" /> -->
			
		</dependencies>

		<exclusions>
			<module name="org.apache.cxf" slot="main" />
		</exclusions>
		
		
	</deployment>

</jboss-deployment-structure>