<beans xmlns="http://www.springframework.org/schema/beans"
	xmlns:xsi="http://www.w3.org/2001/XMLSchema-instance" xmlns:context="http://www.springframework.org/schema/context"
	xmlns:mvc="http://www.springframework.org/schema/mvc" 
	xmlns:jaxws="http://cxf.apache.org/jaxws"
	xmlns:jaxrs="http://cxf.apache.org/jaxrs"
	xsi:schemaLocation="http://www.springframework.org/schema/beans http://www.springframework.org/schema/beans/spring-beans-3.0.xsd
		http://www.springframework.org/schema/context http://www.springframework.org/schema/context/spring-context-3.0.xsd
		http://www.springframework.org/schema/mvc http://www.springframework.org/schema/mvc/spring-mvc-3.0.xsd 
		http://cxf.apache.org/jaxws http://cxf.apache.org/schemas/jaxws.xsd  
		http://cxf.apache.org/jaxrs http://cxf.apache.org/schemas/jaxrs.xsd">

 	<import resource="classpath:META-INF/cxf/cxf.xml" /> 
	<!-- <import resource="classpath:META-INF/cxf/cxf-extension-soap.xml" /> -->
	<!-- <import resource="classpath:META-INF/cxf/cxf-servlet.xml" /> -->
 	
	
	<context:component-scan base-package="com.caiso"  resource-pattern="**/*.*" />

	<!-- here is cxf spring schema will inject the service bean instance to the sei -->
	<jaxws:endpoint id="mdsOasisService" implementor="#mdsOasisWS"    address="/MdsOasisService" />
	<jaxws:endpoint id="mdsCmriService" implementor="#mdsCmriWS"     address="/MdsCmriService" />
	<jaxws:endpoint id="mdsMarketPlanService" implementor="#mdsMarketPlanWS"     address="/MarketPlanService" />
	<jaxws:endpoint id="mdsMarketEventSchedulesGeneratorService" implementor="#mdsMarketEventScheduleGeneratorWS"     address="/GenerateMarketEventScheduleService" />
	<jaxws:endpoint id="mdsMarketStatusService" implementor="#mdsMarketStatusWS"     address="/MarketStatusService" />
	<jaxws:endpoint id="mdsMarketEventService" implementor="#mdsMarketEventHistoryWS"     address="/MarketEventHistoryService" />
	<jaxws:endpoint id="mdsMarketEventDefinitionService" implementor="#mdsMarketEventDefinitionWS"     address="/MarketEventDefinitionService" />
	<jaxws:endpoint id="mdsLoggingService" implementor="#mdsLogWebServiceWS"     address="/MdsLoggingService" />
	<jaxws:endpoint id="mdsMarketEventsToPublishService" implementor="#msdMarketEventsToPublishWS"     address="/MarketEventsToPublishService" />
	
	<jaxws:endpoint id="mdsMarketStatusBroadcastToSibrService" implementor="#mdsMarketStatusBroadcastToSibrWS"     address="/MarketStatusBroadcastToSibrService" />
	<jaxws:endpoint id="mdsMarketEventNotificationPublisherService" implementor="#mdsMarketEventNotificationPublisherWS"     address="/MarketEventNotificationPublisherService" />
	<jaxws:endpoint id="mdsBroadcastMarketStatus_v1Service" implementor="#mdsBroadcastMarketStatus_v1"     address="/BroadcastMarketStatus_v1" />
	<!--  used for similation for camel  -->
	<jaxws:endpoint id="mdsMnsSimulatedMpWS_FirstService" implementor="#mdsMnsSimulatedMpWS_First"     address="/mdsMnsSimulatedMpWS_First" />
	<jaxws:endpoint id="mdsMnsSimulatedMpWS_SecondService" implementor="#mdsMnsSimulatedMpWS_Second"     address="/mdsMnsSimulatedMpWS_Second" />
	<!--  mds portal  -->
	<jaxws:endpoint id="mdsportalMarketStatusService" implementor="#mdsportalMarketStatusWS"     address="/MarketRefresh_BPELProcess" />
	<jaxws:endpoint id="mdsportalMarketEventLogService" implementor="#mdsportalMarketEventLogWS"     address="/MarketEventLog" />
	<jaxws:endpoint id="mdsportalOperatorMessageService" implementor="#mdsportalOperatorMessageWS"     address="/MarketMessages" />	 
	
	<jaxws:endpoint id="mdsMarketOperatingMessagesToOasisSyncService" implementor="#mdsMarketOperatingMessagesToOasisSyncWS"     address="/MdsMarketOperatingMessagesToOasisSyncService" />	 
	
	<jaxws:endpoint id="mdsDatabaseCleanUpService" implementor="#mdsDatabaseCleanUpWS"     address="/MdsDatabaseCleanUpService" />
	
	
	<!-- this is where spring injection will take place  SOAP -->
	
	<bean id="mdsOasisWS" 								class="com.caiso.mds.ws.soap.MdsOasisService" />
	<bean id="mdsCmriWS" 								class="com.caiso.mds.ws.soap.MdsCmriService"     />
	<bean id="mdsMarketPlanWS" 							class="com.caiso.mds.ws.soap.mrkt.run.MarketPlanWebService"     />
	<bean id="mdsMarketEventScheduleGeneratorWS" 		class="com.caiso.mds.ws.soap.mrkt.run.MarketEventScheduleGeneratorWebService"     />
	<bean id="msdMarketEventsToPublishWS" 				class="com.caiso.mds.ws.soap.mrkt.run.MarketEventsToPublishWebService"     />
	<bean id="mdsMarketStatusWS" 						class="com.caiso.mds.ws.soap.mrkt.run.MarketStatusWebService"     />
	<bean id="mdsMarketEventHistoryWS" 					class="com.caiso.mds.ws.soap.mrkt.run.MarketEventHistoryWebService"     />
	<bean id="mdsLogWebServiceWS" 						class="com.caiso.mds.ws.soap.mrkt.run.MdsLogWebService"     />
	<bean id="mdsMarketEventDefinitionWS" 				class="com.caiso.mds.ws.soap.mrkt.run.MarketEventDefinitionWebService"     />
	<bean id="mdsMarketOperatingMessagesToOasisSyncWS"  class="com.caiso.mds.ws.soap.mrkt.run.MdsMarketOperatingMessagesToOasisSyncWebService"     />
	<bean id="mdsDatabaseCleanUpWS"  					class="com.caiso.mds.ws.soap.mrkt.run.MdsDatabaseCleanUpWebService"     />
	
	
	
	<bean id="mdsMarketStatusBroadcastToSibrWS" 		class="com.caiso.mds.ws.soap.mrkt.run.MarketStatusBroadcastToSibrWebService"     />
	<bean id="mdsMarketEventNotificationPublisherWS" 	class="com.caiso.mds.ws.soap.mrkt.run.MarketEventNotificationPublisherWebService"     />
	<bean id="mdsBroadcastMarketStatus_v1" 				class="com.caiso.mds.ws.soap.mrkt.run.MdsMarketStatusSibrToMdsWebService"     />
	
	
	
	
	
	<!--  used for similation for camel  -->
	<bean id="mdsMnsSimulatedMpWS_First" 				class="com.caiso.mds.ws.soap.mrkt.run.MarketMnsSimulatedMpFirstWebService"     />
	<bean id="mdsMnsSimulatedMpWS_Second" 				class="com.caiso.mds.ws.soap.mrkt.run.MarketMnsSimulatedMpSecondWebService"     />
	
	<!--  mds portal share point services  -->
	<bean id="mdsportalMarketStatusWS" 					class="com.caiso.mds.ws.soap.mdsportal.MarketStatusLogHistoryWebservice"     />
	<bean id="mdsportalMarketEventLogWS" 				class="com.caiso.mds.ws.soap.mdsportal.MarketEventLogHistoryWebservice"     />
	<bean id="mdsportalOperatorMessageWS" 				class="com.caiso.mds.ws.soap.mdsportal.OperatorMarketMessagesWebService"     />
		
	<!--  REST Beans configurations  -->
	<bean id="mdsDayHeadAndRealTimeMarketStatusHistoryService" 	class="com.caiso.mds.ws.rest.mrkt.run.MarketStatusRestService"     />
	<bean id="mdsMarketOperatorMessageService" 					class="com.caiso.mds.ws.rest.mrkt.run.MarketOperatorMessageRestService"     />
	<bean id="mdsMarketEventNotificationLogService" 			class="com.caiso.mds.ws.rest.mrkt.run.MarketEventNotificationLogRestService"     />
	<bean id="mdsMdsToSibrRequestLogService" 					class="com.caiso.mds.ws.rest.mrkt.run.MdsToSibrRequestLogsRestService"     />
	<bean id="mdsAuthService" 									class="com.caiso.mds.security.MDSAuthRestService"     />
	
		
	
	
	<!--  REST SErvice Conifig  -->
	 <jaxrs:server id="dayHeadAndRealTimeMarketStatusHistoryService"    address="/mss">
        <jaxrs:serviceBeans>
        	<ref bean="mdsDayHeadAndRealTimeMarketStatusHistoryService" />
        </jaxrs:serviceBeans>
         <jaxrs:providers>
		    	  <ref bean="jaxbProvider"/>
			     <ref bean="jsonProvider"/>
		 </jaxrs:providers>
    </jaxrs:server>
    
	 <jaxrs:server id="marketOperatorMessageService"    address="/moms">
        <jaxrs:serviceBeans>
        	<ref bean="mdsMarketOperatorMessageService" />
        </jaxrs:serviceBeans>
         <jaxrs:providers>
		    	  <ref bean="jaxbProvider"/>
			     <ref bean="jsonProvider"/>
		 </jaxrs:providers>
    </jaxrs:server>
    
	 <jaxrs:server id="marketEventNotificationLogService"    address="/mens">
        <jaxrs:serviceBeans>
        	<ref bean="mdsMarketEventNotificationLogService" />
        </jaxrs:serviceBeans>
         <jaxrs:providers>
		    	  <ref bean="jaxbProvider"/>
			     <ref bean="jsonProvider"/>
		 </jaxrs:providers>
    </jaxrs:server>
    
    <jaxrs:server id="authService"    address="/sas">
        <jaxrs:serviceBeans>
        	<ref bean="mdsAuthService" />
        </jaxrs:serviceBeans>
         <jaxrs:providers>
		    	  <ref bean="jaxbProvider"/>
			     <ref bean="jsonProvider"/>
		 </jaxrs:providers>
    </jaxrs:server>
    
     <jaxrs:server id="mdsToSibrRequestLogService"    address="/mrls">
        <jaxrs:serviceBeans>
        	<ref bean="mdsMdsToSibrRequestLogService" />
        </jaxrs:serviceBeans>
         <jaxrs:providers>
		    	  <ref bean="jaxbProvider"/>
			     <ref bean="jsonProvider"/>
		 </jaxrs:providers>
    </jaxrs:server>
    
	
	<bean id="viewResolver"
		class="org.springframework.web.servlet.view.InternalResourceViewResolver">
		<property name="prefix" value="/WEB-INF/views/" />
		<property name="suffix" value=".jsp" />
	</bean> 

	
	<mvc:annotation-driven />
	<mvc:resources mapping="/**" location="/" />
	<mvc:default-servlet-handler />
	

	<bean id="jaxbProvider"   class="org.apache.cxf.jaxrs.provider.JAXBElementProvider"/>
	<bean id="jsonProvider"   class="org.apache.cxf.jaxrs.provider.json.JSONProvider"/>
		
	

</beans>