<?xml version="1.0" encoding="UTF-8"?>
<m:CleanBidCaiso xmlns:m="http://www.caiso.com/soa/CleanBidCaiso_v4.xsd#" xmlns:xsi="http://www.w3.org/2001/XMLSchema-instance" xsi:schemaLocation="http://www.caiso.com/soa/CleanBidCaiso_v4.xsd# CleanBidCaiso_v4.xsd ">
  <m:MessageHeader>
    <m:TimeDate>2001-12-31T12:00:00</m:TimeDate>
    <m:Source>m:Source</m:Source>
    <m:Version>v20151001</m:Version>
  </m:MessageHeader>
  <m:MessagePayload>
    <m:GeneratingBid>
      <m:mrid>m:mrid</m:mrid>
      <m:name>m:name</m:name>
      <m:lastModified>2001-12-31T12:00:00</m:lastModified>
      <m:marketType>DAM</m:marketType>
      <m:startTime>2001-12-31T12:00:00</m:startTime>
      <m:stopTime>2001-12-31T12:00:00</m:stopTime>
      <m:HourlyParameters>
        <m:biddableCapacityLimit>0.0</m:biddableCapacityLimit>
        <m:biddableCapacityLimitType>GEN_CAPACITY_LIMIT</m:biddableCapacityLimitType>
        <m:openTieStatus>NO</m:openTieStatus>
        <m:resourceBidOption>15MIN</m:resourceBidOption>
        <m:timeIntervalEnd>2001-12-31T12:00:00</m:timeIntervalEnd>
        <m:timeIntervalStart>2001-12-31T12:00:00</m:timeIntervalStart>
      </m:HourlyParameters>
      <m:ProductBid>
        <m:description>m:description</m:description>
        <m:mrid>m:mrid</m:mrid>
        <m:BidDistributionFactor>
          <m:timeIntervalEnd>2001-12-31T12:00:00</m:timeIntervalEnd>
          <m:timeIntervalStart>2001-12-31T12:00:00</m:timeIntervalStart>
          <m:PnodeDistributionFactor>
            <m:factor>0.0</m:factor>
            <m:IndividualPnode>
              <m:mrid>m:mrid</m:mrid>
            </m:IndividualPnode>
          </m:PnodeDistributionFactor>
        </m:BidDistributionFactor>
        <m:BidSchedule>
          <m:description>m:description</m:description>
          <m:timeIntervalEnd>2001-12-31T12:00:00</m:timeIntervalEnd>
          <m:timeIntervalStart>2001-12-31T12:00:00</m:timeIntervalStart>
          <m:BidPriceCurve/>
        </m:BidSchedule>
        <m:BidSelfSched>
          <m:description>m:description</m:description>
          <m:mrid>m:mrid</m:mrid>
          <m:balancingFlag>NO</m:balancingFlag>
          <m:priorityFlag>NO</m:priorityFlag>
          <m:pumpSelfSchedMw>0.0</m:pumpSelfSchedMw>
          <m:referenceType>ACA</m:referenceType>
          <m:selfSchedMw>0.0</m:selfSchedMw>
          <m:selfSchedSptResource>m:selfSchedSptResource</m:selfSchedSptResource>
          <m:timeIntervalEnd>2001-12-31T12:00:00</m:timeIntervalEnd>
          <m:timeIntervalStart>2001-12-31T12:00:00</m:timeIntervalStart>
          <m:AdjacentCASet>
            <m:mrid>m:mrid</m:mrid>
          </m:AdjacentCASet>
          <m:ContractRight/>
          <m:HostControlArea>
            <m:mrid>m:mrid</m:mrid>
          </m:HostControlArea>
          <m:WheelingTransactionReference>
            <m:mrid>m:mrid</m:mrid>
          </m:WheelingTransactionReference>
        </m:BidSelfSched>
        <m:MarketProduct>
          <m:description>m:description</m:description>
          <m:marketProductType>EN</m:marketProductType>
          <m:selfSchedType>BAS</m:selfSchedType>
        </m:MarketProduct>
        <m:UnitSchedule>
          <m:parameterID>HOURLY_PREDISPATCH</m:parameterID>
          <m:parameterStringValue>m:parameterStringValue</m:parameterStringValue>
          <m:parameterType>FLOAT</m:parameterType>
          <m:parameterValue>0.0</m:parameterValue>
          <m:timeIntervalEnd>2001-12-31T12:00:00</m:timeIntervalEnd>
          <m:timeIntervalStart>2001-12-31T12:00:00</m:timeIntervalStart>
        </m:UnitSchedule>
      </m:ProductBid>
      <m:SchedulingCoordinator>
        <m:mrid>m:mrid</m:mrid>
      </m:SchedulingCoordinator>
      <m:bidStatus>CL</m:bidStatus>
      <m:contingencyAvailFlag>NO</m:contingencyAvailFlag>
      <m:createdISO>NO</m:createdISO>
      <m:energyMaxDay>0.0</m:energyMaxDay>
      <m:energyMinDay>0.0</m:energyMinDay>
      <m:startUpsMaxDay>0</m:startUpsMaxDay>
      <m:curtailmentEnergyLimit>0.0</m:curtailmentEnergyLimit>
      <m:greenHouseGasAdder>0.0</m:greenHouseGasAdder>
      <m:lowerChargeLimit>0.0</m:lowerChargeLimit>
      <m:maximumEconomicMW>0.0</m:maximumEconomicMW>
      <m:minimumEconomicMW>0.0</m:minimumEconomicMW>
      <m:noLoadCost>0.0</m:noLoadCost>
      <m:startUpRampTime>0.0</m:startUpRampTime>
      <m:stateOfCharge>0.0</m:stateOfCharge>
      <m:upperChargeLimit>0.0</m:upperChargeLimit>
      <m:RampRateCurve>
        <m:description>m:description</m:description>
        <m:CurveScheduleDatas>
          <m:xAxisData>0.0</m:xAxisData>
          <m:y1AxisData>0.0</m:y1AxisData>
        </m:CurveScheduleDatas>
        <m:constraintRampType>FAST</m:constraintRampType>
        <m:rampRateType>INTERTIE</m:rampRateType>
      </m:RampRateCurve>
      <m:RegisteredGenerator>
        <m:mrid>m:mrid</m:mrid>
        <m:AggregatedPnode>
          <m:mrid>m:mrid</m:mrid>
        </m:AggregatedPnode>
        <m:Configuration>
          <m:mrid>m:mrid</m:mrid>
        </m:Configuration>
      </m:RegisteredGenerator>
      <m:StartUpCostCurve>
        <m:description>m:description</m:description>
        <m:CurveScheduleDatas>
          <m:xAxisData>0.0</m:xAxisData>
          <m:y1AxisData>0.0</m:y1AxisData>
        </m:CurveScheduleDatas>
      </m:StartUpCostCurve>
      <m:StartUpTimeCurve>
        <m:description>m:description</m:description>
        <m:CurveScheduleDatas>
          <m:xAxisData>0.0</m:xAxisData>
          <m:y1AxisData>0.0</m:y1AxisData>
        </m:CurveScheduleDatas>
      </m:StartUpTimeCurve>
      <m:Transition>
        <m:notificationTime>0.0</m:notificationTime>
        <m:transitionCost>0.0</m:transitionCost>
        <m:transitionRampTime>0.0</m:transitionRampTime>
        <m:FromConfiguration>
          <m:mrid>m:mrid</m:mrid>
        </m:FromConfiguration>
        <m:ToConfiguration>
          <m:mrid>m:mrid</m:mrid>
        </m:ToConfiguration>
      </m:Transition>
    </m:GeneratingBid>
    <m:InterTieBid>
      <m:mrid>m:mrid</m:mrid>
      <m:name>m:name</m:name>
      <m:lastModified>2001-12-31T12:00:00</m:lastModified>
      <m:marketType>DAM</m:marketType>
      <m:startTime>2001-12-31T12:00:00</m:startTime>
      <m:stopTime>2001-12-31T12:00:00</m:stopTime>
      <m:HourlyParameters>
        <m:openTieStatus>NO</m:openTieStatus>
        <m:resourceBidOption>15MIN</m:resourceBidOption>
        <m:timeIntervalEnd>2001-12-31T12:00:00</m:timeIntervalEnd>
        <m:timeIntervalStart>2001-12-31T12:00:00</m:timeIntervalStart>
      </m:HourlyParameters>
      <m:ProductBid>
        <m:description>m:description</m:description>
        <m:mrid>m:mrid</m:mrid>
        <m:BidSchedule>
          <m:description>m:description</m:description>
          <m:timeIntervalEnd>2001-12-31T12:00:00</m:timeIntervalEnd>
          <m:timeIntervalStart>2001-12-31T12:00:00</m:timeIntervalStart>
          <m:BidPriceCurve/>
        </m:BidSchedule>
        <m:BidSelfSched>
          <m:description>m:description</m:description>
          <m:mrid>m:mrid</m:mrid>
          <m:balancingFlag>NO</m:balancingFlag>
          <m:priorityFlag>NO</m:priorityFlag>
          <m:pumpSelfSchedMw>0.0</m:pumpSelfSchedMw>
          <m:referenceType>ACA</m:referenceType>
          <m:selfSchedMw>0.0</m:selfSchedMw>
          <m:selfSchedSptResource>m:selfSchedSptResource</m:selfSchedSptResource>
          <m:timeIntervalEnd>2001-12-31T12:00:00</m:timeIntervalEnd>
          <m:timeIntervalStart>2001-12-31T12:00:00</m:timeIntervalStart>
          <m:AdjacentCASet>
            <m:mrid>m:mrid</m:mrid>
          </m:AdjacentCASet>
          <m:ContractRight/>
          <m:HostControlArea>
            <m:mrid>m:mrid</m:mrid>
          </m:HostControlArea>
          <m:WheelingTransactionReference>
            <m:mrid>m:mrid</m:mrid>
          </m:WheelingTransactionReference>
        </m:BidSelfSched>
        <m:MarketProduct>
          <m:description>m:description</m:description>
          <m:marketProductType>EN</m:marketProductType>
          <m:selfSchedType>BAS</m:selfSchedType>
        </m:MarketProduct>
        <m:UnitSchedule>
          <m:parameterID>HOURLY_PREDISPATCH</m:parameterID>
          <m:parameterStringValue>m:parameterStringValue</m:parameterStringValue>
          <m:parameterType>FLOAT</m:parameterType>
          <m:parameterValue>0.0</m:parameterValue>
          <m:timeIntervalEnd>2001-12-31T12:00:00</m:timeIntervalEnd>
          <m:timeIntervalStart>2001-12-31T12:00:00</m:timeIntervalStart>
        </m:UnitSchedule>
      </m:ProductBid>
      <m:SchedulingCoordinator>
        <m:mrid>m:mrid</m:mrid>
      </m:SchedulingCoordinator>
      <m:bidStatus>CL</m:bidStatus>
      <m:contingencyAvailFlag>NO</m:contingencyAvailFlag>
      <m:createdISO>NO</m:createdISO>
      <m:minHourlyBlock>0</m:minHourlyBlock>
      <m:RampRateCurve>
        <m:description>m:description</m:description>
        <m:CurveScheduleDatas>
          <m:xAxisData>0.0</m:xAxisData>
          <m:y1AxisData>0.0</m:y1AxisData>
        </m:CurveScheduleDatas>
        <m:constraintRampType>FAST</m:constraintRampType>
        <m:rampRateType>INTERTIE</m:rampRateType>
      </m:RampRateCurve>
      <m:RegisteredInterTie>
        <m:mrid>m:mrid</m:mrid>
        <m:AggregatedPnode>
          <m:mrid>m:mrid</m:mrid>
        </m:AggregatedPnode>
        <m:registeredFlag>NO</m:registeredFlag>
      </m:RegisteredInterTie>
    </m:InterTieBid>
    <m:LoadBid>
      <m:mrid>m:mrid</m:mrid>
      <m:name>m:name</m:name>
      <m:lastModified>2001-12-31T12:00:00</m:lastModified>
      <m:marketType>DAM</m:marketType>
      <m:startTime>2001-12-31T12:00:00</m:startTime>
      <m:stopTime>2001-12-31T12:00:00</m:stopTime>
      <m:ProductBid>
        <m:description>m:description</m:description>
        <m:mrid>m:mrid</m:mrid>
        <m:BidSchedule>
          <m:description>m:description</m:description>
          <m:timeIntervalEnd>2001-12-31T12:00:00</m:timeIntervalEnd>
          <m:timeIntervalStart>2001-12-31T12:00:00</m:timeIntervalStart>
          <m:BidPriceCurve/>
        </m:BidSchedule>
        <m:BidSelfSched>
          <m:description>m:description</m:description>
          <m:mrid>m:mrid</m:mrid>
          <m:balancingFlag>NO</m:balancingFlag>
          <m:priorityFlag>NO</m:priorityFlag>
          <m:pumpSelfSchedMw>0.0</m:pumpSelfSchedMw>
          <m:referenceType>ACA</m:referenceType>
          <m:selfSchedMw>0.0</m:selfSchedMw>
          <m:selfSchedSptResource>m:selfSchedSptResource</m:selfSchedSptResource>
          <m:timeIntervalEnd>2001-12-31T12:00:00</m:timeIntervalEnd>
          <m:timeIntervalStart>2001-12-31T12:00:00</m:timeIntervalStart>
          <m:AdjacentCASet>
            <m:mrid>m:mrid</m:mrid>
          </m:AdjacentCASet>
          <m:ContractRight/>
          <m:HostControlArea>
            <m:mrid>m:mrid</m:mrid>
          </m:HostControlArea>
          <m:WheelingTransactionReference>
            <m:mrid>m:mrid</m:mrid>
          </m:WheelingTransactionReference>
        </m:BidSelfSched>
        <m:MarketProduct>
          <m:description>m:description</m:description>
          <m:marketProductType>EN</m:marketProductType>
          <m:selfSchedType>BAS</m:selfSchedType>
        </m:MarketProduct>
        <m:UnitSchedule>
          <m:parameterID>HOURLY_PREDISPATCH</m:parameterID>
          <m:parameterStringValue>m:parameterStringValue</m:parameterStringValue>
          <m:parameterType>FLOAT</m:parameterType>
          <m:parameterValue>0.0</m:parameterValue>
          <m:timeIntervalEnd>2001-12-31T12:00:00</m:timeIntervalEnd>
          <m:timeIntervalStart>2001-12-31T12:00:00</m:timeIntervalStart>
        </m:UnitSchedule>
      </m:ProductBid>
      <m:SchedulingCoordinator>
        <m:mrid>m:mrid</m:mrid>
      </m:SchedulingCoordinator>
      <m:bidStatus>CL</m:bidStatus>
      <m:contingencyAvailFlag>NO</m:contingencyAvailFlag>
      <m:createdISO>NO</m:createdISO>
      <m:RegisteredLoad>
        <m:mrid>m:mrid</m:mrid>
        <m:AggregatedPnode>
          <m:mrid>m:mrid</m:mrid>
        </m:AggregatedPnode>
      </m:RegisteredLoad>
    </m:LoadBid>
    <m:MarketRun>
      <m:executionType>DA</m:executionType>
      <m:marketEndTime>2001-12-31T12:00:00</m:marketEndTime>
      <m:marketID>m:marketID</m:marketID>
      <m:marketRunID>m:marketRunID</m:marketRunID>
      <m:marketType>DAM</m:marketType>
      <m:masterFileRepositoryVersion>m:masterFileRepositoryVersion</m:masterFileRepositoryVersion>
    </m:MarketRun>
  </m:MessagePayload>
</m:CleanBidCaiso>
