<?xml version="1.0" encoding="UTF-8"?>

<beans xmlns="http://www.springframework.org/schema/beans"
         xmlns:xsi="http://www.w3.org/2001/XMLSchema-instance"
       	 xmlns:jee="http://www.springframework.org/schema/jee"
       	 xmlns:tx="http://www.springframework.org/schema/tx"
         xsi:schemaLocation="http://www.springframework.org/schema/beans
           http://www.springframework.org/schema/beans/spring-beans-3.0.xsd
           http://www.springframework.org/schema/tx
		   http://www.springframework.org/schema/tx/spring-tx.xsd
		   http://www.springframework.org/schema/jee 
		   http://www.springframework.org/schema/jee/spring-jee.xsd">

	<!-- JDNI name for EntityManagerFactory is defined in src/main/resources/META-INF/persistence.xml -->
    <jee:jndi-lookup jndi-name="java:jboss/mdsCmriEntityManagerFactory/persistence" id="mdsCmriEntityManagerFactory"       expected-type="javax.persistence.EntityManagerFactory" />
    <jee:jndi-lookup jndi-name="java:jboss/mdsEntityManagerFactory/persistence" id="mdsEntityManagerFactory"       expected-type="javax.persistence.EntityManagerFactory" />
    <jee:jndi-lookup jndi-name="java:jboss/mdsOasisEntityManagerFactory/persistence" id="mdsOasisEntityManagerFactory"       expected-type="javax.persistence.EntityManagerFactory" />

	<bean id="mdsEntityManager" class="org.springframework.orm.jpa.support.SharedEntityManagerBean">
   		<property name="entityManagerFactory" ref="mdsEntityManagerFactory"/>
   		<property name="persistenceUnitName"   value="mds_pu"  />
	</bean> 
	
	<bean id="mdsCmriEntityManager" class="org.springframework.orm.jpa.support.SharedEntityManagerBean">
   		<property name="entityManagerFactory" ref="mdsCmriEntityManagerFactory"/>
   		<property name="persistenceUnitName"   value="mds_cmri_pu"  />
	</bean>
	
	<bean id="mdsOasisEntityManager" class="org.springframework.orm.jpa.support.SharedEntityManagerBean">
   		<property name="entityManagerFactory" ref="mdsOasisEntityManagerFactory"/>
   		<property name="persistenceUnitName"   value="mds_oasis_pu"  />
	</bean>
	

	<jee:jndi-lookup jndi-name="java:jboss/datasources/MdsCmriDS" id="MdsCmriDS" expected-type="javax.sql.DataSource"/>
	<jee:jndi-lookup jndi-name="java:jboss/datasources/MdsDS" id="MdsDS" expected-type="javax.sql.DataSource"/>
	<jee:jndi-lookup jndi-name="java:jboss/datasources/MdsOasisDS" id="MdsOasisDS" expected-type="javax.sql.DataSource"/>

    <tx:jta-transaction-manager   /> 
    <tx:annotation-driven  transaction-manager="transactionManager" />
    
    
	


	
</beans>